{"step_scale_hash":181.9,"step_scale_factor":[1.0848273,1.0879774,1.0837858,1.0555623,1.0216043,1.0,1.0,1.0,1.0,1.0,1.0,1.0,1.0,1.0,1.0,1.0,1.0,1.0,1.0,1.0]}